"","term","statistic","df","p.value"
"1","log(bioMass)",11.9480279949788,1,0.000547052510309049
"2","substrateType",5.35751171994919,5,0.373823257487056
"3","seedmixType",11.5311861711344,3,0.00917446350315975
